age,income,economic_status,employment,car_avail,bike_avail,pt_abo_avail,dist_group,main_mode,share
,,,,,,,0 - 1000,bike,0.03993953574665
,,,,,,,0 - 1000,car,0.010077686113465548
,,,,,,,0 - 1000,pt,0.0035575461836548946
,,,,,,,0 - 1000,ride,0.0037969819009802397
,,,,,,,0 - 1000,walk,0.22881070677001764
,,,,,,,1000 - 2000,bike,0.04698342341346555
,,,,,,,1000 - 2000,car,0.023147292190076742
,,,,,,,1000 - 2000,pt,0.02007970854535886
,,,,,,,1000 - 2000,ride,0.010215459406613094
,,,,,,,1000 - 2000,walk,0.05220619945665914
,,,,,,,2000 - 5000,bike,0.05624516000252578
,,,,,,,2000 - 5000,car,0.05164117094781402
,,,,,,,2000 - 5000,pt,0.07035847284671681
,,,,,,,2000 - 5000,ride,0.019753111426262702
,,,,,,,2000 - 5000,walk,0.013501281662145714
,,,,,,,5000 - 10000,bike,0.02693069701653698
,,,,,,,5000 - 10000,car,0.05215320525856776
,,,,,,,5000 - 10000,pt,0.08244750747280563
,,,,,,,5000 - 10000,ride,0.01397122077983446
,,,,,,,5000 - 10000,walk,0.001517535520605139
,,,,,,,10000 - 20000,bike,0.007136782872703979
,,,,,,,10000 - 20000,car,0.04134445948649564
,,,,,,,10000 - 20000,pt,0.06385899348452925
,,,,,,,10000 - 20000,ride,0.007926042173942492
,,,,,,,10000 - 20000,walk,0.0005273153061550004
,,,,,,,20000+,bike,0.0006419443250597948
,,,,,,,20000+,car,0.022309302342807483
,,,,,,,20000+,pt,0.024771142628339887
,,,,,,,20000+,ride,0.003944497517436229
,,,,,,,20000+,walk,0.00020561720177352156
0 - 12,,,,,,,0 - 1000,bike,0.08835438432558193
0 - 12,,,,,,,0 - 1000,car,3.432121636877185e-05
0 - 12,,,,,,,0 - 1000,pt,0.0021749863020563654
0 - 12,,,,,,,0 - 1000,ride,0.021051200382818012
0 - 12,,,,,,,0 - 1000,walk,0.3432142504695775
0 - 12,,,,,,,1000 - 2000,bike,0.08398330004325194
0 - 12,,,,,,,1000 - 2000,car,0.000150219687811569
0 - 12,,,,,,,1000 - 2000,pt,0.02306959433284934
0 - 12,,,,,,,1000 - 2000,ride,0.05686810841448048
0 - 12,,,,,,,1000 - 2000,walk,0.07347412145528517
0 - 12,,,,,,,2000 - 5000,bike,0.04222757075895274
0 - 12,,,,,,,2000 - 5000,car,6.536048317715672e-05
0 - 12,,,,,,,2000 - 5000,pt,0.05396978017600571
0 - 12,,,,,,,2000 - 5000,ride,0.08856585531656834
0 - 12,,,,,,,2000 - 5000,walk,0.008408652825927461
0 - 12,,,,,,,5000 - 10000,bike,0.0038947116326784196
0 - 12,,,,,,,5000 - 10000,car,5.599841436553611e-05
0 - 12,,,,,,,5000 - 10000,pt,0.02794477835232046
0 - 12,,,,,,,5000 - 10000,ride,0.04558406298643193
0 - 12,,,,,,,5000 - 10000,walk,0.0009301529133672708
0 - 12,,,,,,,10000 - 20000,bike,7.862395528391248e-05
0 - 12,,,,,,,10000 - 20000,car,0.0
0 - 12,,,,,,,10000 - 20000,pt,0.007770578530816594
0 - 12,,,,,,,10000 - 20000,ride,0.019094169122247644
0 - 12,,,,,,,10000 - 20000,walk,0.0004190229166182497
0 - 12,,,,,,,20000+,bike,3.432121636877185e-05
0 - 12,,,,,,,20000+,car,0.0
0 - 12,,,,,,,20000+,pt,0.0031358547205645646
0 - 12,,,,,,,20000+,ride,0.00513600585361295
0 - 12,,,,,,,20000+,walk,0.00031001319461127424
12 - 18,,,,,,,0 - 1000,bike,0.04056261263021194
12 - 18,,,,,,,0 - 1000,car,0.0
12 - 18,,,,,,,0 - 1000,pt,0.00548858580569948
12 - 18,,,,,,,0 - 1000,ride,0.0022302160066904092
12 - 18,,,,,,,0 - 1000,walk,0.15042303841024
12 - 18,,,,,,,1000 - 2000,bike,0.089070390956725
12 - 18,,,,,,,1000 - 2000,car,0.0
12 - 18,,,,,,,1000 - 2000,pt,0.03153953270294178
12 - 18,,,,,,,1000 - 2000,ride,0.008413705601187106
12 - 18,,,,,,,1000 - 2000,walk,0.044861543643076415
12 - 18,,,,,,,2000 - 5000,bike,0.10738683499133322
12 - 18,,,,,,,2000 - 5000,car,0.0002828962673402461
12 - 18,,,,,,,2000 - 5000,pt,0.19825020985446604
12 - 18,,,,,,,2000 - 5000,ride,0.032263789775858934
12 - 18,,,,,,,2000 - 5000,walk,0.007541953274485525
12 - 18,,,,,,,5000 - 10000,bike,0.013960272491340344
12 - 18,,,,,,,5000 - 10000,car,0.0002828962673402461
12 - 18,,,,,,,5000 - 10000,pt,0.15625539533377433
12 - 18,,,,,,,5000 - 10000,ride,0.02888306971933014
12 - 18,,,,,,,5000 - 10000,walk,0.00035313985281031226
12 - 18,,,,,,,10000 - 20000,bike,0.0013847631212960674
12 - 18,,,,,,,10000 - 20000,car,0.0001527576520257711
12 - 18,,,,,,,10000 - 20000,pt,0.055802177791747724
12 - 18,,,,,,,10000 - 20000,ride,0.008904701024528816
12 - 18,,,,,,,10000 - 20000,walk,0.0
12 - 18,,,,,,,20000+,bike,0.00037524183370703695
12 - 18,,,,,,,20000+,car,0.0
12 - 18,,,,,,,20000+,pt,0.009923416953924949
12 - 18,,,,,,,20000+,ride,0.004966212655379154
12 - 18,,,,,,,20000+,walk,0.000440645382538785
18 - 25,,,,,,,0 - 1000,bike,0.02398561235781499
18 - 25,,,,,,,0 - 1000,car,0.0048751521373352445
18 - 25,,,,,,,0 - 1000,pt,0.003945859978488251
18 - 25,,,,,,,0 - 1000,ride,0.0020741803522305053
18 - 25,,,,,,,0 - 1000,walk,0.1351326848167619
18 - 25,,,,,,,1000 - 2000,bike,0.03396527152384182
18 - 25,,,,,,,1000 - 2000,car,0.009995183869916416
18 - 25,,,,,,,1000 - 2000,pt,0.024513641618001722
18 - 25,,,,,,,1000 - 2000,ride,0.0026681998585366875
18 - 25,,,,,,,1000 - 2000,walk,0.0454726308118391
18 - 25,,,,,,,2000 - 5000,bike,0.06318107428470454
18 - 25,,,,,,,2000 - 5000,car,0.023251875706620243
18 - 25,,,,,,,2000 - 5000,pt,0.10942869085194808
18 - 25,,,,,,,2000 - 5000,ride,0.010494962098131744
18 - 25,,,,,,,2000 - 5000,walk,0.015841120495424313
18 - 25,,,,,,,5000 - 10000,bike,0.024391958956895745
18 - 25,,,,,,,5000 - 10000,car,0.0305448384287256
18 - 25,,,,,,,5000 - 10000,pt,0.16886134724827598
18 - 25,,,,,,,5000 - 10000,ride,0.012529534856484127
18 - 25,,,,,,,5000 - 10000,walk,0.001335058529996402
18 - 25,,,,,,,10000 - 20000,bike,0.002283609567549982
18 - 25,,,,,,,10000 - 20000,car,0.02354347014171086
18 - 25,,,,,,,10000 - 20000,pt,0.13983024203024946
18 - 25,,,,,,,10000 - 20000,ride,0.009738847778169043
18 - 25,,,,,,,10000 - 20000,walk,0.00046040347416503706
18 - 25,,,,,,,20000+,bike,0.0003598674743239825
18 - 25,,,,,,,20000+,car,0.019844536404905074
18 - 25,,,,,,,20000+,pt,0.05191307482568158
18 - 25,,,,,,,20000+,ride,0.0054414707774460185
18 - 25,,,,,,,20000+,walk,9.559874382553337e-05
25 - 35,,,,,,,0 - 1000,bike,0.02710671281214892
25 - 35,,,,,,,0 - 1000,car,0.0057994039547034845
25 - 35,,,,,,,0 - 1000,pt,0.001279341348825648
25 - 35,,,,,,,0 - 1000,ride,0.0009365409275199195
25 - 35,,,,,,,0 - 1000,walk,0.22308917916513984
25 - 35,,,,,,,1000 - 2000,bike,0.038879288211573826
25 - 35,,,,,,,1000 - 2000,car,0.015574030733198638
25 - 35,,,,,,,1000 - 2000,pt,0.014062407046561295
25 - 35,,,,,,,1000 - 2000,ride,0.0027015671389454218
25 - 35,,,,,,,1000 - 2000,walk,0.05276857867693636
25 - 35,,,,,,,2000 - 5000,bike,0.06756351305973912
25 - 35,,,,,,,2000 - 5000,car,0.0341919427125718
25 - 35,,,,,,,2000 - 5000,pt,0.07993094118194079
25 - 35,,,,,,,2000 - 5000,ride,0.006927040925022773
25 - 35,,,,,,,2000 - 5000,walk,0.014527745750548082
25 - 35,,,,,,,5000 - 10000,bike,0.04519783227041666
25 - 35,,,,,,,5000 - 10000,car,0.04092311464281495
25 - 35,,,,,,,5000 - 10000,pt,0.11711303425909293
25 - 35,,,,,,,5000 - 10000,ride,0.007459596516540125
25 - 35,,,,,,,5000 - 10000,walk,0.0011933932411686548
25 - 35,,,,,,,10000 - 20000,bike,0.010371145878011873
25 - 35,,,,,,,10000 - 20000,car,0.037122925967374674
25 - 35,,,,,,,10000 - 20000,pt,0.0830885319675897
25 - 35,,,,,,,10000 - 20000,ride,0.00427342214921809
25 - 35,,,,,,,10000 - 20000,walk,0.00046959104556907043
25 - 35,,,,,,,20000+,bike,0.0008650285684158126
25 - 35,,,,,,,20000+,car,0.022531312078687672
25 - 35,,,,,,,20000+,pt,0.04081677551162561
25 - 35,,,,,,,20000+,ride,0.003080042714773812
25 - 35,,,,,,,20000+,walk,0.00015601954332448127
35 - 66,,,,,,,0 - 1000,bike,0.040332771508063456
35 - 66,,,,,,,0 - 1000,car,0.01257661515762158
35 - 66,,,,,,,0 - 1000,pt,0.002627358555652047
35 - 66,,,,,,,0 - 1000,ride,0.001274292496410711
35 - 66,,,,,,,0 - 1000,walk,0.20652019924881693
35 - 66,,,,,,,1000 - 2000,bike,0.046077012040347726
35 - 66,,,,,,,1000 - 2000,car,0.028801869123512337
35 - 66,,,,,,,1000 - 2000,pt,0.014894709162723204
35 - 66,,,,,,,1000 - 2000,ride,0.00393142725073833
35 - 66,,,,,,,1000 - 2000,walk,0.04326782662357003
35 - 66,,,,,,,2000 - 5000,bike,0.061631621878577604
35 - 66,,,,,,,2000 - 5000,car,0.06587612217476327
35 - 66,,,,,,,2000 - 5000,pt,0.053970521291472305
35 - 66,,,,,,,2000 - 5000,ride,0.008515244305250143
35 - 66,,,,,,,2000 - 5000,walk,0.012613220763112581
35 - 66,,,,,,,5000 - 10000,bike,0.034913749435674296
35 - 66,,,,,,,5000 - 10000,car,0.07107640811792384
35 - 66,,,,,,,5000 - 10000,pt,0.07403986112593337
35 - 66,,,,,,,5000 - 10000,ride,0.0070144527175531445
35 - 66,,,,,,,5000 - 10000,walk,0.0016905536760423883
35 - 66,,,,,,,10000 - 20000,bike,0.010619744339555919
35 - 66,,,,,,,10000 - 20000,car,0.06001064856690114
35 - 66,,,,,,,10000 - 20000,pt,0.07015337993949035
35 - 66,,,,,,,10000 - 20000,ride,0.0050300495618203845
35 - 66,,,,,,,10000 - 20000,walk,0.0004717166408375984
35 - 66,,,,,,,20000+,bike,0.0008989376281988117
35 - 66,,,,,,,20000+,car,0.03165819643378093
35 - 66,,,,,,,20000+,pt,0.02653250556644344
35 - 66,,,,,,,20000+,ride,0.0027399916814560116
35 - 66,,,,,,,20000+,walk,0.00023899298775612217
66+,,,,,,,0 - 1000,bike,0.028917781379748875
66+,,,,,,,0 - 1000,car,0.01756905891685044
66+,,,,,,,0 - 1000,pt,0.008273204993617672
66+,,,,,,,0 - 1000,ride,0.004628191849485549
66+,,,,,,,0 - 1000,walk,0.2851630822571291
66+,,,,,,,1000 - 2000,bike,0.02854964969272559
66+,,,,,,,1000 - 2000,car,0.03882086040651397
66+,,,,,,,1000 - 2000,pt,0.0331697357735842
66+,,,,,,,1000 - 2000,ride,0.011117551434265606
66+,,,,,,,1000 - 2000,walk,0.06845936405951983
66+,,,,,,,2000 - 5000,bike,0.022205536519422444
66+,,,,,,,2000 - 5000,car,0.08261732385978052
66+,,,,,,,2000 - 5000,pt,0.0650551591678631
66+,,,,,,,2000 - 5000,ride,0.023067556374726784
66+,,,,,,,2000 - 5000,walk,0.01871777257889785
66+,,,,,,,5000 - 10000,bike,0.0060053800450549635
66+,,,,,,,5000 - 10000,car,0.0627074379519613
66+,,,,,,,5000 - 10000,pt,0.05292597833638581
66+,,,,,,,5000 - 10000,ride,0.0172732713428096
66+,,,,,,,5000 - 10000,walk,0.0020729972598010397
66+,,,,,,,10000 - 20000,bike,0.0020118745335472974
66+,,,,,,,10000 - 20000,car,0.03570337079193992
66+,,,,,,,10000 - 20000,pt,0.03652161682334497
66+,,,,,,,10000 - 20000,ride,0.011929475838790412
66+,,,,,,,10000 - 20000,walk,0.0009657233478543096
66+,,,,,,,20000+,bike,0.00025574980638623377
66+,,,,,,,20000+,car,0.01651491485906698
66+,,,,,,,20000+,pt,0.012176960792435333
66+,,,,,,,20000+,ride,0.006529537524723665
66+,,,,,,,20000+,walk,7.388148176658781e-05
,0 - 250,,,,,,0 - 1000,bike,0.02394457430286676
,0 - 250,,,,,,0 - 1000,car,0.0
,0 - 250,,,,,,0 - 1000,pt,0.006322872210095824
,0 - 250,,,,,,0 - 1000,ride,0.009816837813571379
,0 - 250,,,,,,0 - 1000,walk,0.26083819817842374
,0 - 250,,,,,,1000 - 2000,bike,0.08149559943455921
,0 - 250,,,,,,1000 - 2000,car,0.013765683822914274
,0 - 250,,,,,,1000 - 2000,pt,0.008152395594329143
,0 - 250,,,,,,1000 - 2000,ride,0.006881082802383619
,0 - 250,,,,,,1000 - 2000,walk,0.055074510204100584
,0 - 250,,,,,,2000 - 5000,bike,0.032199145796211616
,0 - 250,,,,,,2000 - 5000,car,0.03382603508054449
,0 - 250,,,,,,2000 - 5000,pt,0.1105013738605236
,0 - 250,,,,,,2000 - 5000,ride,0.028576640315617886
,0 - 250,,,,,,2000 - 5000,walk,0.01288981321695701
,0 - 250,,,,,,5000 - 10000,bike,0.034548631099417956
,0 - 250,,,,,,5000 - 10000,car,0.004615575123298268
,0 - 250,,,,,,5000 - 10000,pt,0.13995634829921155
,0 - 250,,,,,,5000 - 10000,ride,0.012091529745908667
,0 - 250,,,,,,5000 - 10000,walk,0.0
,0 - 250,,,,,,10000 - 20000,bike,0.0
,0 - 250,,,,,,10000 - 20000,car,0.01754118410207
,0 - 250,,,,,,10000 - 20000,pt,0.0944277437708348
,0 - 250,,,,,,10000 - 20000,ride,0.0
,0 - 250,,,,,,10000 - 20000,walk,0.0
,0 - 250,,,,,,20000+,bike,0.0
,0 - 250,,,,,,20000+,car,0.004009563887452867
,0 - 250,,,,,,20000+,pt,0.008524661338706618
,0 - 250,,,,,,20000+,ride,0.0
,0 - 250,,,,,,20000+,walk,0.0
,250 - 500,,,,,,0 - 1000,bike,0.029822153807092116
,250 - 500,,,,,,0 - 1000,car,0.007710185301724629
,250 - 500,,,,,,0 - 1000,pt,0.006273301693419439
,250 - 500,,,,,,0 - 1000,ride,0.0012482486271690057
,250 - 500,,,,,,0 - 1000,walk,0.20699880663722403
,250 - 500,,,,,,1000 - 2000,bike,0.045150392459309206
,250 - 500,,,,,,1000 - 2000,car,0.017519234955147452
,250 - 500,,,,,,1000 - 2000,pt,0.03398623493805548
,250 - 500,,,,,,1000 - 2000,ride,0.0063540038862269456
,250 - 500,,,,,,1000 - 2000,walk,0.05657519472218684
,250 - 500,,,,,,2000 - 5000,bike,0.05382937900548669
,250 - 500,,,,,,2000 - 5000,car,0.01652708606017538
,250 - 500,,,,,,2000 - 5000,pt,0.10572426790984359
,250 - 500,,,,,,2000 - 5000,ride,0.010551793861975495
,250 - 500,,,,,,2000 - 5000,walk,0.0116688575082531
,250 - 500,,,,,,5000 - 10000,bike,0.02681914870201004
,250 - 500,,,,,,5000 - 10000,car,0.01982810168553612
,250 - 500,,,,,,5000 - 10000,pt,0.1313081123397998
,250 - 500,,,,,,5000 - 10000,ride,0.013945206940399517
,250 - 500,,,,,,5000 - 10000,walk,0.0
,250 - 500,,,,,,10000 - 20000,bike,0.0020225093000168118
,250 - 500,,,,,,10000 - 20000,car,0.017056111512185508
,250 - 500,,,,,,10000 - 20000,pt,0.1111013058608137
,250 - 500,,,,,,10000 - 20000,ride,0.008600222535466832
,250 - 500,,,,,,10000 - 20000,walk,0.0033903090233754897
,250 - 500,,,,,,20000+,bike,0.0
,250 - 500,,,,,,20000+,car,0.015341415149173102
,250 - 500,,,,,,20000+,pt,0.03165815347321817
,250 - 500,,,,,,20000+,ride,0.008990262104715756
,250 - 500,,,,,,20000+,walk,0.0
,500 - 750,,,,,,0 - 1000,bike,0.03724183442449197
,500 - 750,,,,,,0 - 1000,car,0.0057461409881368435
,500 - 750,,,,,,0 - 1000,pt,0.012392668863532607
,500 - 750,,,,,,0 - 1000,ride,0.0021343961536089075
,500 - 750,,,,,,0 - 1000,walk,0.2545525148737494
,500 - 750,,,,,,1000 - 2000,bike,0.04428705101812134
,500 - 750,,,,,,1000 - 2000,car,0.01678495477539192
,500 - 750,,,,,,1000 - 2000,pt,0.03197521704796176
,500 - 750,,,,,,1000 - 2000,ride,0.008967752735699932
,500 - 750,,,,,,1000 - 2000,walk,0.07699827400439982
,500 - 750,,,,,,2000 - 5000,bike,0.055820544894198826
,500 - 750,,,,,,2000 - 5000,car,0.028820964076114657
,500 - 750,,,,,,2000 - 5000,pt,0.0984596835098517
,500 - 750,,,,,,2000 - 5000,ride,0.012809728390375377
,500 - 750,,,,,,2000 - 5000,walk,0.02332092378037156
,500 - 750,,,,,,5000 - 10000,bike,0.02513567420694173
,500 - 750,,,,,,5000 - 10000,car,0.023195001605077554
,500 - 750,,,,,,5000 - 10000,pt,0.10224063589869722
,500 - 750,,,,,,5000 - 10000,ride,0.005733598751333298
,500 - 750,,,,,,5000 - 10000,walk,0.0015824949417798768
,500 - 750,,,,,,10000 - 20000,bike,0.005553985358415669
,500 - 750,,,,,,10000 - 20000,car,0.013730944141689811
,500 - 750,,,,,,10000 - 20000,pt,0.07057517028241123
,500 - 750,,,,,,10000 - 20000,ride,0.004978504175387588
,500 - 750,,,,,,10000 - 20000,walk,0.0011213656457697877
,500 - 750,,,,,,20000+,bike,0.001002196620564933
,500 - 750,,,,,,20000+,car,0.006923903341326775
,500 - 750,,,,,,20000+,pt,0.0260562841105498
,500 - 750,,,,,,20000+,ride,0.0018575913840479879
,500 - 750,,,,,,20000+,walk,0.0
,750 - 1000,,,,,,0 - 1000,bike,0.03955477312042331
,750 - 1000,,,,,,0 - 1000,car,0.007662718394888721
,750 - 1000,,,,,,0 - 1000,pt,0.003370829580571908
,750 - 1000,,,,,,0 - 1000,ride,0.004593179100966666
,750 - 1000,,,,,,0 - 1000,walk,0.23348808994144468
,750 - 1000,,,,,,1000 - 2000,bike,0.04599960859975571
,750 - 1000,,,,,,1000 - 2000,car,0.018316089764566116
,750 - 1000,,,,,,1000 - 2000,pt,0.02807666932525493
,750 - 1000,,,,,,1000 - 2000,ride,0.011921861741791695
,750 - 1000,,,,,,1000 - 2000,walk,0.055764900333691074
,750 - 1000,,,,,,2000 - 5000,bike,0.05047777052663625
,750 - 1000,,,,,,2000 - 5000,car,0.04831047107520553
,750 - 1000,,,,,,2000 - 5000,pt,0.0838302137938576
,750 - 1000,,,,,,2000 - 5000,ride,0.026669948068734683
,750 - 1000,,,,,,2000 - 5000,walk,0.014941433873427694
,750 - 1000,,,,,,5000 - 10000,bike,0.018682511071435207
,750 - 1000,,,,,,5000 - 10000,car,0.036599787290134224
,750 - 1000,,,,,,5000 - 10000,pt,0.10329176949634497
,750 - 1000,,,,,,5000 - 10000,ride,0.01778772392834366
,750 - 1000,,,,,,5000 - 10000,walk,0.0021967790091032414
,750 - 1000,,,,,,10000 - 20000,bike,0.0053948739875297
,750 - 1000,,,,,,10000 - 20000,car,0.0308023882586679
,750 - 1000,,,,,,10000 - 20000,pt,0.06571500305902139
,750 - 1000,,,,,,10000 - 20000,ride,0.004659357275414433
,750 - 1000,,,,,,10000 - 20000,walk,0.00015909526503299096
,750 - 1000,,,,,,20000+,bike,0.0004210658580913305
,750 - 1000,,,,,,20000+,car,0.01174385623771075
,750 - 1000,,,,,,20000+,pt,0.024608319424115142
,750 - 1000,,,,,,20000+,ride,0.004851991038237482
,750 - 1000,,,,,,20000+,walk,0.00010692155960112274
,1000 - 1250,,,,,,0 - 1000,bike,0.03800516125867817
,1000 - 1250,,,,,,0 - 1000,car,0.008389929354305641
,1000 - 1250,,,,,,0 - 1000,pt,0.004486394475755556
,1000 - 1250,,,,,,0 - 1000,ride,0.002943592629949559
,1000 - 1250,,,,,,0 - 1000,walk,0.2531402055861083
,1000 - 1250,,,,,,1000 - 2000,bike,0.04615798137694766
,1000 - 1250,,,,,,1000 - 2000,car,0.01926025176201596
,1000 - 1250,,,,,,1000 - 2000,pt,0.02696467410577974
,1000 - 1250,,,,,,1000 - 2000,ride,0.008068259305456264
,1000 - 1250,,,,,,1000 - 2000,walk,0.05431280755866306
,1000 - 1250,,,,,,2000 - 5000,bike,0.051025919314408946
,1000 - 1250,,,,,,2000 - 5000,car,0.04229283847921349
,1000 - 1250,,,,,,2000 - 5000,pt,0.08584872387248565
,1000 - 1250,,,,,,2000 - 5000,ride,0.014695113573915819
,1000 - 1250,,,,,,2000 - 5000,walk,0.015797010844502867
,1000 - 1250,,,,,,5000 - 10000,bike,0.022412703389610853
,1000 - 1250,,,,,,5000 - 10000,car,0.04378110393808626
,1000 - 1250,,,,,,5000 - 10000,pt,0.0958624404026661
,1000 - 1250,,,,,,5000 - 10000,ride,0.011970445384165435
,1000 - 1250,,,,,,5000 - 10000,walk,0.001506967514001354
,1000 - 1250,,,,,,10000 - 20000,bike,0.005906833904200501
,1000 - 1250,,,,,,10000 - 20000,car,0.03148898952512969
,1000 - 1250,,,,,,10000 - 20000,pt,0.06519226797694337
,1000 - 1250,,,,,,10000 - 20000,ride,0.007356133169235629
,1000 - 1250,,,,,,10000 - 20000,walk,0.00048904745320862
,1000 - 1250,,,,,,20000+,bike,0.0004973050926733017
,1000 - 1250,,,,,,20000+,car,0.012861898248704757
,1000 - 1250,,,,,,20000+,pt,0.025989431969700657
,1000 - 1250,,,,,,20000+,ride,0.0030192666946047136
,1000 - 1250,,,,,,20000+,walk,0.00027630183888170386
,1250 - 1500,,,,,,0 - 1000,bike,0.05944864464429602
,1250 - 1500,,,,,,0 - 1000,car,0.008562824725599136
,1250 - 1500,,,,,,0 - 1000,pt,0.0037334610439443533
,1250 - 1500,,,,,,0 - 1000,ride,0.0038700029346265697
,1250 - 1500,,,,,,0 - 1000,walk,0.228232638902986
,1250 - 1500,,,,,,1000 - 2000,bike,0.06789241415041443
,1250 - 1500,,,,,,1000 - 2000,car,0.01623217093918624
,1250 - 1500,,,,,,1000 - 2000,pt,0.019162406654933843
,1250 - 1500,,,,,,1000 - 2000,ride,0.015418887893811791
,1250 - 1500,,,,,,1000 - 2000,walk,0.045204298969683115
,1250 - 1500,,,,,,2000 - 5000,bike,0.06378914614237381
,1250 - 1500,,,,,,2000 - 5000,car,0.041425984681562576
,1250 - 1500,,,,,,2000 - 5000,pt,0.0807479489699261
,1250 - 1500,,,,,,2000 - 5000,ride,0.026783004301903068
,1250 - 1500,,,,,,2000 - 5000,walk,0.011735919856059103
,1250 - 1500,,,,,,5000 - 10000,bike,0.024337769826804273
,1250 - 1500,,,,,,5000 - 10000,car,0.04505186885134534
,1250 - 1500,,,,,,5000 - 10000,pt,0.07443490308281904
,1250 - 1500,,,,,,5000 - 10000,ride,0.0218498826883401
,1250 - 1500,,,,,,5000 - 10000,walk,0.0007932553030618077
,1250 - 1500,,,,,,10000 - 20000,bike,0.005492424743935386
,1250 - 1500,,,,,,10000 - 20000,car,0.032894466973380936
,1250 - 1500,,,,,,10000 - 20000,pt,0.055882117084996505
,1250 - 1500,,,,,,10000 - 20000,ride,0.006990965399255556
,1250 - 1500,,,,,,10000 - 20000,walk,0.000719246903987575
,1250 - 1500,,,,,,20000+,bike,0.0009820404989348522
,1250 - 1500,,,,,,20000+,car,0.017760126501858767
,1250 - 1500,,,,,,20000+,pt,0.0175298819644017
,1250 - 1500,,,,,,20000+,ride,0.0026420209130234304
,1250 - 1500,,,,,,20000+,walk,0.00039927445254849924
,1500 - 1750,,,,,,0 - 1000,bike,0.04402291064346776
,1500 - 1750,,,,,,0 - 1000,car,0.011532967170058717
,1500 - 1750,,,,,,0 - 1000,pt,0.002719048426860786
,1500 - 1750,,,,,,0 - 1000,ride,0.006553971484993975
,1500 - 1750,,,,,,0 - 1000,walk,0.22688591743630104
,1500 - 1750,,,,,,1000 - 2000,bike,0.04604471022600102
,1500 - 1750,,,,,,1000 - 2000,car,0.027664702848608683
,1500 - 1750,,,,,,1000 - 2000,pt,0.01479374431779947
,1500 - 1750,,,,,,1000 - 2000,ride,0.01601923336910383
,1500 - 1750,,,,,,1000 - 2000,walk,0.05374666555327255
,1500 - 1750,,,,,,2000 - 5000,bike,0.055888990218041314
,1500 - 1750,,,,,,2000 - 5000,car,0.05497182600357195
,1500 - 1750,,,,,,2000 - 5000,pt,0.0641158151283555
,1500 - 1750,,,,,,2000 - 5000,ride,0.029681544267341896
,1500 - 1750,,,,,,2000 - 5000,walk,0.01335240134737819
,1500 - 1750,,,,,,5000 - 10000,bike,0.023326467850412584
,1500 - 1750,,,,,,5000 - 10000,car,0.05040748273120045
,1500 - 1750,,,,,,5000 - 10000,pt,0.07084414063615632
,1500 - 1750,,,,,,5000 - 10000,ride,0.01875807886750648
,1500 - 1750,,,,,,5000 - 10000,walk,0.0014420866578753698
,1500 - 1750,,,,,,10000 - 20000,bike,0.007188795498151955
,1500 - 1750,,,,,,10000 - 20000,car,0.037705140299731925
,1500 - 1750,,,,,,10000 - 20000,pt,0.06200617957958072
,1500 - 1750,,,,,,10000 - 20000,ride,0.01032268178542185
,1500 - 1750,,,,,,10000 - 20000,walk,0.00030571292169419127
,1500 - 1750,,,,,,20000+,bike,0.0007556108350693753
,1500 - 1750,,,,,,20000+,car,0.019871910482077423
,1500 - 1750,,,,,,20000+,pt,0.022919977483033243
,1500 - 1750,,,,,,20000+,ride,0.006097120205950533
,1500 - 1750,,,,,,20000+,walk,5.4165724980842694e-05
,1750 - 2000,,,,,,0 - 1000,bike,0.041485790191839074
,1750 - 2000,,,,,,0 - 1000,car,0.01015479901878027
,1750 - 2000,,,,,,0 - 1000,pt,0.003919970812382807
,1750 - 2000,,,,,,0 - 1000,ride,0.004427359108153711
,1750 - 2000,,,,,,0 - 1000,walk,0.2429115078213197
,1750 - 2000,,,,,,1000 - 2000,bike,0.05034280839104602
,1750 - 2000,,,,,,1000 - 2000,car,0.026093316441133264
,1750 - 2000,,,,,,1000 - 2000,pt,0.02123530830968721
,1750 - 2000,,,,,,1000 - 2000,ride,0.010419506394865791
,1750 - 2000,,,,,,1000 - 2000,walk,0.05718998954387174
,1750 - 2000,,,,,,2000 - 5000,bike,0.05312647014027602
,1750 - 2000,,,,,,2000 - 5000,car,0.04940439141111806
,1750 - 2000,,,,,,2000 - 5000,pt,0.06879690743681996
,1750 - 2000,,,,,,2000 - 5000,ride,0.0164327347354316
,1750 - 2000,,,,,,2000 - 5000,walk,0.014352199880437575
,1750 - 2000,,,,,,5000 - 10000,bike,0.025193273148889698
,1750 - 2000,,,,,,5000 - 10000,car,0.05066213963910412
,1750 - 2000,,,,,,5000 - 10000,pt,0.08300410318625427
,1750 - 2000,,,,,,5000 - 10000,ride,0.013624736515264331
,1750 - 2000,,,,,,5000 - 10000,walk,0.001227390558945254
,1750 - 2000,,,,,,10000 - 20000,bike,0.006773627744897088
,1750 - 2000,,,,,,10000 - 20000,car,0.03727190732682929
,1750 - 2000,,,,,,10000 - 20000,pt,0.06012545834782699
,1750 - 2000,,,,,,10000 - 20000,ride,0.0064744768224616455
,1750 - 2000,,,,,,10000 - 20000,walk,0.000508420055772186
,1750 - 2000,,,,,,20000+,bike,0.0008044809758663211
,1750 - 2000,,,,,,20000+,car,0.019074560800266364
,1750 - 2000,,,,,,20000+,pt,0.02186716703903631
,1750 - 2000,,,,,,20000+,ride,0.0028136778939565786
,1750 - 2000,,,,,,20000+,walk,0.00028152030746674965
,2000 - 2500,,,,,,0 - 1000,bike,0.04025304449744068
,2000 - 2500,,,,,,0 - 1000,car,0.010365367816139141
,2000 - 2500,,,,,,0 - 1000,pt,0.0025994583886997254
,2000 - 2500,,,,,,0 - 1000,ride,0.003348439682430436
,2000 - 2500,,,,,,0 - 1000,walk,0.21788409308222853
,2000 - 2500,,,,,,1000 - 2000,bike,0.049260586827739976
,2000 - 2500,,,,,,1000 - 2000,car,0.024261967631044056
,2000 - 2500,,,,,,1000 - 2000,pt,0.01830098385675134
,2000 - 2500,,,,,,1000 - 2000,ride,0.00880331828423104
,2000 - 2500,,,,,,1000 - 2000,walk,0.04701678437238205
,2000 - 2500,,,,,,2000 - 5000,bike,0.06028822476966613
,2000 - 2500,,,,,,2000 - 5000,car,0.05836591742744835
,2000 - 2500,,,,,,2000 - 5000,pt,0.06066994701037781
,2000 - 2500,,,,,,2000 - 5000,ride,0.02220157934116878
,2000 - 2500,,,,,,2000 - 5000,walk,0.010698491614369183
,2000 - 2500,,,,,,5000 - 10000,bike,0.03073210500674366
,2000 - 2500,,,,,,5000 - 10000,car,0.05917289174549352
,2000 - 2500,,,,,,5000 - 10000,pt,0.07839932060046803
,2000 - 2500,,,,,,5000 - 10000,ride,0.013188348238551147
,2000 - 2500,,,,,,5000 - 10000,walk,0.0016996084102899262
,2000 - 2500,,,,,,10000 - 20000,bike,0.006921533119402507
,2000 - 2500,,,,,,10000 - 20000,car,0.04585854781552206
,2000 - 2500,,,,,,10000 - 20000,pt,0.06435247333349488
,2000 - 2500,,,,,,10000 - 20000,ride,0.007795533735237841
,2000 - 2500,,,,,,10000 - 20000,walk,0.00018248587475132598
,2000 - 2500,,,,,,20000+,bike,0.0003792293755623314
,2000 - 2500,,,,,,20000+,car,0.025743302525341343
,2000 - 2500,,,,,,20000+,pt,0.026504168308058844
,2000 - 2500,,,,,,20000+,ride,0.00456915040290868
,2000 - 2500,,,,,,20000+,walk,0.0001830969060568689
,2500 - 3000,,,,,,0 - 1000,bike,0.04213927020273983
,2500 - 3000,,,,,,0 - 1000,car,0.01108847718069159
,2500 - 3000,,,,,,0 - 1000,pt,0.0023170478768812564
,2500 - 3000,,,,,,0 - 1000,ride,0.00522852549278387
,2500 - 3000,,,,,,0 - 1000,walk,0.22247153775233094
,2500 - 3000,,,,,,1000 - 2000,bike,0.048113319420781876
,2500 - 3000,,,,,,1000 - 2000,car,0.024669811830755735
,2500 - 3000,,,,,,1000 - 2000,pt,0.016157864224152853
,2500 - 3000,,,,,,1000 - 2000,ride,0.012279158107353706
,2500 - 3000,,,,,,1000 - 2000,walk,0.04661839921914199
,2500 - 3000,,,,,,2000 - 5000,bike,0.05644547343330205
,2500 - 3000,,,,,,2000 - 5000,car,0.05532918881911431
,2500 - 3000,,,,,,2000 - 5000,pt,0.05837357145774093
,2500 - 3000,,,,,,2000 - 5000,ride,0.023198191756827864
,2500 - 3000,,,,,,2000 - 5000,walk,0.011721155297994461
,2500 - 3000,,,,,,5000 - 10000,bike,0.028691925614191476
,2500 - 3000,,,,,,5000 - 10000,car,0.05671296058132763
,2500 - 3000,,,,,,5000 - 10000,pt,0.07283183869815539
,2500 - 3000,,,,,,5000 - 10000,ride,0.01708400914090134
,2500 - 3000,,,,,,5000 - 10000,walk,0.0011681199556027022
,2500 - 3000,,,,,,10000 - 20000,bike,0.009182418183782489
,2500 - 3000,,,,,,10000 - 20000,car,0.051796194837025376
,2500 - 3000,,,,,,10000 - 20000,pt,0.05961829281751113
,2500 - 3000,,,,,,10000 - 20000,ride,0.010740391746463398
,2500 - 3000,,,,,,10000 - 20000,walk,0.0001306154451264566
,2500 - 3000,,,,,,20000+,bike,0.00036499006542621895
,2500 - 3000,,,,,,20000+,car,0.027776054917494488
,2500 - 3000,,,,,,20000+,pt,0.023065132175631615
,2500 - 3000,,,,,,20000+,ride,0.004429404523217147
,2500 - 3000,,,,,,20000+,walk,0.00025665922555012763
,3000 - 3500,,,,,,0 - 1000,bike,0.037397726683735324
,3000 - 3500,,,,,,0 - 1000,car,0.010613537028159857
,3000 - 3500,,,,,,0 - 1000,pt,0.0015147231398653987
,3000 - 3500,,,,,,0 - 1000,ride,0.001921221505783468
,3000 - 3500,,,,,,0 - 1000,walk,0.19237300120930137
,3000 - 3500,,,,,,1000 - 2000,bike,0.03635691327614044
,3000 - 3500,,,,,,1000 - 2000,car,0.023705229774880092
,3000 - 3500,,,,,,1000 - 2000,pt,0.013898762975177252
,3000 - 3500,,,,,,1000 - 2000,ride,0.00724336404692604
,3000 - 3500,,,,,,1000 - 2000,walk,0.04611039200469096
,3000 - 3500,,,,,,2000 - 5000,bike,0.06331154523358327
,3000 - 3500,,,,,,2000 - 5000,car,0.06237098744827605
,3000 - 3500,,,,,,2000 - 5000,pt,0.06468477967010018
,3000 - 3500,,,,,,2000 - 5000,ride,0.015651310451098216
,3000 - 3500,,,,,,2000 - 5000,walk,0.01235616016244243
,3000 - 3500,,,,,,5000 - 10000,bike,0.031779515404738855
,3000 - 3500,,,,,,5000 - 10000,car,0.06804145686820467
,3000 - 3500,,,,,,5000 - 10000,pt,0.07467480021403287
,3000 - 3500,,,,,,5000 - 10000,ride,0.011252448518920492
,3000 - 3500,,,,,,5000 - 10000,walk,0.0016032030386585582
,3000 - 3500,,,,,,10000 - 20000,bike,0.008897046034642947
,3000 - 3500,,,,,,10000 - 20000,car,0.0631610802593773
,3000 - 3500,,,,,,10000 - 20000,pt,0.06995965370552307
,3000 - 3500,,,,,,10000 - 20000,ride,0.00851648659663236
,3000 - 3500,,,,,,10000 - 20000,walk,0.000591696288892439
,3000 - 3500,,,,,,20000+,bike,0.0006466114822821349
,3000 - 3500,,,,,,20000+,car,0.03733580400926883
,3000 - 3500,,,,,,20000+,pt,0.03021143840051344
,3000 - 3500,,,,,,20000+,ride,0.0035509184546489974
,3000 - 3500,,,,,,20000+,walk,0.00026818611350272405
,3500+,,,,,,0 - 1000,bike,0.020469234889264686
,3500+,,,,,,0 - 1000,car,0.014328644460689776
,3500+,,,,,,0 - 1000,pt,0.0031712330420901203
,3500+,,,,,,0 - 1000,ride,0.001486029593600438
,3500+,,,,,,0 - 1000,walk,0.21871187209894888
,3500+,,,,,,1000 - 2000,bike,0.030583606288161314
,3500+,,,,,,1000 - 2000,car,0.023835516997536135
,3500+,,,,,,1000 - 2000,pt,0.015555039910042399
,3500+,,,,,,1000 - 2000,ride,0.005955237983389556
,3500+,,,,,,1000 - 2000,walk,0.05279982853806908
,3500+,,,,,,2000 - 5000,bike,0.05348652738507025
,3500+,,,,,,2000 - 5000,car,0.06575296339415003
,3500+,,,,,,2000 - 5000,pt,0.06804027516945998
,3500+,,,,,,2000 - 5000,ride,0.011039131321365163
,3500+,,,,,,2000 - 5000,walk,0.014724258601869154
,3500+,,,,,,5000 - 10000,bike,0.03373247508984202
,3500+,,,,,,5000 - 10000,car,0.07059035350550188
,3500+,,,,,,5000 - 10000,pt,0.07795884053005173
,3500+,,,,,,5000 - 10000,ride,0.008300224611391608
,3500+,,,,,,5000 - 10000,walk,0.003028190748653073
,3500+,,,,,,10000 - 20000,bike,0.009848075601373105
,3500+,,,,,,10000 - 20000,car,0.05498536574165147
,3500+,,,,,,10000 - 20000,pt,0.06124539883042809
,3500+,,,,,,10000 - 20000,ride,0.007821801607821397
,3500+,,,,,,10000 - 20000,walk,0.0019328883447145325
,3500+,,,,,,20000+,bike,0.0016468650312715636
,3500+,,,,,,20000+,car,0.03782396098622544
,3500+,,,,,,20000+,pt,0.027287689778459395
,3500+,,,,,,20000+,ride,0.003781853445768384
,3500+,,,,,,20000+,walk,7.661647313926861e-05
,,very_low,,,,,0 - 1000,bike,0.03813045180646777
,,very_low,,,,,0 - 1000,car,0.006691868943387262
,,very_low,,,,,0 - 1000,pt,0.007269302469339181
,,very_low,,,,,0 - 1000,ride,0.003164566814948974
,,very_low,,,,,0 - 1000,walk,0.23987278703445922
,,very_low,,,,,1000 - 2000,bike,0.047579660883196644
,,very_low,,,,,1000 - 2000,car,0.017016247210437922
,,very_low,,,,,1000 - 2000,pt,0.03036013474595061
,,very_low,,,,,1000 - 2000,ride,0.010321653577508616
,,very_low,,,,,1000 - 2000,walk,0.06615264829130892
,,very_low,,,,,2000 - 5000,bike,0.05379765332387398
,,very_low,,,,,2000 - 5000,car,0.03417135585900146
,,very_low,,,,,2000 - 5000,pt,0.09398133960614594
,,very_low,,,,,2000 - 5000,ride,0.018219199534242187
,,very_low,,,,,2000 - 5000,walk,0.017590159443781037
,,very_low,,,,,5000 - 10000,bike,0.02310684529295933
,,very_low,,,,,5000 - 10000,car,0.027578557032628057
,,very_low,,,,,5000 - 10000,pt,0.10588103579482967
,,very_low,,,,,5000 - 10000,ride,0.012536883941898818
,,very_low,,,,,5000 - 10000,walk,0.0015143048523857908
,,very_low,,,,,10000 - 20000,bike,0.004454567564456598
,,very_low,,,,,10000 - 20000,car,0.020934931844901184
,,very_low,,,,,10000 - 20000,pt,0.07294203097238142
,,very_low,,,,,10000 - 20000,ride,0.005436283936935115
,,very_low,,,,,10000 - 20000,walk,0.0011075637216564317
,,very_low,,,,,20000+,bike,0.0004505875721762318
,,very_low,,,,,20000+,car,0.009984689704489002
,,very_low,,,,,20000+,pt,0.02572174936232385
,,very_low,,,,,20000+,ride,0.003989717598039397
,,very_low,,,,,20000+,walk,4.122126388939013e-05
,,low,,,,,0 - 1000,bike,0.039586736782362894
,,low,,,,,0 - 1000,car,0.00850243079498816
,,low,,,,,0 - 1000,pt,0.004683935316637207
,,low,,,,,0 - 1000,ride,0.003231468750726501
,,low,,,,,0 - 1000,walk,0.24864380266164612
,,low,,,,,1000 - 2000,bike,0.04990378458779634
,,low,,,,,1000 - 2000,car,0.019138604567693174
,,low,,,,,1000 - 2000,pt,0.025899455490341155
,,low,,,,,1000 - 2000,ride,0.008797835772237573
,,low,,,,,1000 - 2000,walk,0.052304568119608465
,,low,,,,,2000 - 5000,bike,0.05269947099403209
,,low,,,,,2000 - 5000,car,0.04184259862279087
,,low,,,,,2000 - 5000,pt,0.08586785682081444
,,low,,,,,2000 - 5000,ride,0.016985122653268916
,,low,,,,,2000 - 5000,walk,0.015862731715209157
,,low,,,,,5000 - 10000,bike,0.02279720569581972
,,low,,,,,5000 - 10000,car,0.04402919083271671
,,low,,,,,5000 - 10000,pt,0.09284499134229128
,,low,,,,,5000 - 10000,ride,0.012316759633117222
,,low,,,,,5000 - 10000,walk,0.0014078575396031853
,,low,,,,,10000 - 20000,bike,0.006130540037564134
,,low,,,,,10000 - 20000,car,0.031290247740209845
,,low,,,,,10000 - 20000,pt,0.06531828853787297
,,low,,,,,10000 - 20000,ride,0.007086544308170961
,,low,,,,,10000 - 20000,walk,0.0004052756037531002
,,low,,,,,20000+,bike,0.0006135895327914843
,,low,,,,,20000+,car,0.013586342403791777
,,low,,,,,20000+,pt,0.024613430695571
,,low,,,,,20000+,ride,0.0032550937468022196
,,low,,,,,20000+,walk,0.00035423869977142493
,,medium,,,,,0 - 1000,bike,0.039203134466044044
,,medium,,,,,0 - 1000,car,0.011112180362201633
,,medium,,,,,0 - 1000,pt,0.0035000295034531607
,,medium,,,,,0 - 1000,ride,0.004131035379376516
,,medium,,,,,0 - 1000,walk,0.23468642240567197
,,medium,,,,,1000 - 2000,bike,0.0453444730600384
,,medium,,,,,1000 - 2000,car,0.025934603857169246
,,medium,,,,,1000 - 2000,pt,0.019130408111588164
,,medium,,,,,1000 - 2000,ride,0.01007893290556254
,,medium,,,,,1000 - 2000,walk,0.05357165938208553
,,medium,,,,,2000 - 5000,bike,0.05441288084495032
,,medium,,,,,2000 - 5000,car,0.05466158166824837
,,medium,,,,,2000 - 5000,pt,0.06548381299725833
,,medium,,,,,2000 - 5000,ride,0.019163190189263993
,,medium,,,,,2000 - 5000,walk,0.013032562964064324
,,medium,,,,,5000 - 10000,bike,0.02553408619770401
,,medium,,,,,5000 - 10000,car,0.0567664982782626
,,medium,,,,,5000 - 10000,pt,0.07999453797018745
,,medium,,,,,5000 - 10000,ride,0.014628926653191645
,,medium,,,,,5000 - 10000,walk,0.0017471534149163899
,,medium,,,,,10000 - 20000,bike,0.0066153758558856685
,,medium,,,,,10000 - 20000,car,0.040816450700772416
,,medium,,,,,10000 - 20000,pt,0.06221968506386477
,,medium,,,,,10000 - 20000,ride,0.007243842162004117
,,medium,,,,,10000 - 20000,walk,0.00040476649495291435
,,medium,,,,,20000+,bike,0.000650885682908455
,,medium,,,,,20000+,car,0.021711825128565954
,,medium,,,,,20000+,pt,0.024105572847425125
,,medium,,,,,20000+,ride,0.003956317120161029
,,medium,,,,,20000+,walk,0.00015716833222059994
,,high,,,,,0 - 1000,bike,0.04223706614182922
,,high,,,,,0 - 1000,car,0.009878216714149275
,,high,,,,,0 - 1000,pt,0.0021184400397001014
,,high,,,,,0 - 1000,ride,0.002927114241358867
,,high,,,,,0 - 1000,walk,0.20877595657058784
,,high,,,,,1000 - 2000,bike,0.046541706424820806
,,high,,,,,1000 - 2000,car,0.0225974360251861
,,high,,,,,1000 - 2000,pt,0.016506890182356303
,,high,,,,,1000 - 2000,ride,0.009366581450699206
,,high,,,,,1000 - 2000,walk,0.04715107160098931
,,high,,,,,2000 - 5000,bike,0.06337644315755303
,,high,,,,,2000 - 5000,car,0.05646590171332672
,,high,,,,,2000 - 5000,pt,0.06359099692390634
,,high,,,,,2000 - 5000,ride,0.020217005568645353
,,high,,,,,2000 - 5000,walk,0.012485294878600346
,,high,,,,,5000 - 10000,bike,0.03252053587460768
,,high,,,,,5000 - 10000,car,0.05560116193543115
,,high,,,,,5000 - 10000,pt,0.07801192862184425
,,high,,,,,5000 - 10000,ride,0.013554097427721222
,,high,,,,,5000 - 10000,walk,0.0008910778830661043
,,high,,,,,10000 - 20000,bike,0.00890741827276432
,,high,,,,,10000 - 20000,car,0.05128557928825398
,,high,,,,,10000 - 20000,pt,0.06467807532292105
,,high,,,,,10000 - 20000,ride,0.009736975555502831
,,high,,,,,10000 - 20000,walk,0.00029813368204055447
,,high,,,,,20000+,bike,0.00040687483720750736
,,high,,,,,20000+,car,0.03042104081387255
,,high,,,,,20000+,pt,0.024929914534014105
,,high,,,,,20000+,ride,0.004201618693510228
,,high,,,,,20000+,walk,0.00031944562353370163
,,very_high,,,,,0 - 1000,bike,0.0392760188243587
,,very_high,,,,,0 - 1000,car,0.012465100635435883
,,very_high,,,,,0 - 1000,pt,0.002004891842029398
,,very_high,,,,,0 - 1000,ride,0.0061407315818195985
,,very_high,,,,,0 - 1000,walk,0.2163345456452392
,,very_high,,,,,1000 - 2000,bike,0.04894075506111874
,,very_high,,,,,1000 - 2000,car,0.026407295271137426
,,very_high,,,,,1000 - 2000,pt,0.013594338647567301
,,very_high,,,,,1000 - 2000,ride,0.014715878951400314
,,very_high,,,,,1000 - 2000,walk,0.046049981870346104
,,very_high,,,,,2000 - 5000,bike,0.05317577192902264
,,very_high,,,,,2000 - 5000,car,0.0605590522022545
,,very_high,,,,,2000 - 5000,pt,0.05833699458541453
,,very_high,,,,,2000 - 5000,ride,0.026260179726799768
,,very_high,,,,,2000 - 5000,walk,0.01020383942791614
,,very_high,,,,,5000 - 10000,bike,0.028198523779486832
,,very_high,,,,,5000 - 10000,car,0.06307473878192921
,,very_high,,,,,5000 - 10000,pt,0.06402588000119643
,,very_high,,,,,5000 - 10000,ride,0.016460584099642975
,,very_high,,,,,5000 - 10000,walk,0.0023740840598505406
,,very_high,,,,,10000 - 20000,bike,0.008774051173256067
,,very_high,,,,,10000 - 20000,car,0.053683942934714964
,,very_high,,,,,10000 - 20000,pt,0.056850306922023794
,,very_high,,,,,10000 - 20000,ride,0.009603598294513254
,,very_high,,,,,10000 - 20000,walk,0.0011336003387396316
,,very_high,,,,,20000+,bike,0.0013978348024786876
,,very_high,,,,,20000+,car,0.02959733803673499
,,very_high,,,,,20000+,pt,0.026059157970603774
,,very_high,,,,,20000+,ride,0.004259418721701681
,,very_high,,,,,20000+,walk,4.156388126690414e-05
,,,child,,,,0 - 1000,bike,0.08797447704562544
,,,child,,,,0 - 1000,car,6.201632379149975e-05
,,,child,,,,0 - 1000,pt,0.0024803584947749153
,,,child,,,,0 - 1000,ride,0.022491490648019048
,,,child,,,,0 - 1000,walk,0.34497127297047747
,,,child,,,,1000 - 2000,bike,0.07427123298204033
,,,child,,,,1000 - 2000,car,8.634641491562534e-05
,,,child,,,,1000 - 2000,pt,0.024748734059472668
,,,child,,,,1000 - 2000,ride,0.05920313740289035
,,,child,,,,1000 - 2000,walk,0.08264286445303023
,,,child,,,,2000 - 5000,bike,0.040113313236642925
,,,child,,,,2000 - 5000,car,0.0
,,,child,,,,2000 - 5000,pt,0.04788791080274093
,,,child,,,,2000 - 5000,ride,0.08746818283628316
,,,child,,,,2000 - 5000,walk,0.01079786692437333
,,,child,,,,5000 - 10000,bike,0.004805099180886954
,,,child,,,,5000 - 10000,car,0.0
,,,child,,,,5000 - 10000,pt,0.02483365972541551
,,,child,,,,5000 - 10000,ride,0.04367184908604869
,,,child,,,,5000 - 10000,walk,0.0012955063068117055
,,,child,,,,10000 - 20000,bike,0.0
,,,child,,,,10000 - 20000,car,0.0
,,,child,,,,10000 - 20000,pt,0.006359525422654798
,,,child,,,,10000 - 20000,ride,0.022509064689085725
,,,child,,,,10000 - 20000,walk,0.0005490547723028881
,,,child,,,,20000+,bike,0.0
,,,child,,,,20000+,car,0.0
,,,child,,,,20000+,pt,0.003692397229544375
,,,child,,,,20000+,ride,0.006852048186314848
,,,child,,,,20000+,walk,0.00023259080585655162
,,,homemaker,,,,0 - 1000,bike,0.033151806966215495
,,,homemaker,,,,0 - 1000,car,0.017096887825047154
,,,homemaker,,,,0 - 1000,pt,0.00741600650756041
,,,homemaker,,,,0 - 1000,ride,0.003227524589354174
,,,homemaker,,,,0 - 1000,walk,0.2885201729519205
,,,homemaker,,,,1000 - 2000,bike,0.059202386584587534
,,,homemaker,,,,1000 - 2000,car,0.04025033806294192
,,,homemaker,,,,1000 - 2000,pt,0.0273866228320414
,,,homemaker,,,,1000 - 2000,ride,0.006330981798157926
,,,homemaker,,,,1000 - 2000,walk,0.07860929727267789
,,,homemaker,,,,2000 - 5000,bike,0.04046916174769916
,,,homemaker,,,,2000 - 5000,car,0.09370896621243806
,,,homemaker,,,,2000 - 5000,pt,0.06043872284166353
,,,homemaker,,,,2000 - 5000,ride,0.01865689653854778
,,,homemaker,,,,2000 - 5000,walk,0.022329877577321945
,,,homemaker,,,,5000 - 10000,bike,0.01007054931926354
,,,homemaker,,,,5000 - 10000,car,0.0517419983300954
,,,homemaker,,,,5000 - 10000,pt,0.03961389187595275
,,,homemaker,,,,5000 - 10000,ride,0.010868096212678242
,,,homemaker,,,,5000 - 10000,walk,0.001119555974530009
,,,homemaker,,,,10000 - 20000,bike,0.0013630691808948023
,,,homemaker,,,,10000 - 20000,car,0.03297441162678622
,,,homemaker,,,,10000 - 20000,pt,0.02062081117537517
,,,homemaker,,,,10000 - 20000,ride,0.011126178544959902
,,,homemaker,,,,10000 - 20000,walk,0.00036647317815220574
,,,homemaker,,,,20000+,bike,0.0
,,,homemaker,,,,20000+,car,0.009155831126737714
,,,homemaker,,,,20000+,pt,0.012519960684027233
,,,homemaker,,,,20000+,ride,0.0008732491830433166
,,,homemaker,,,,20000+,walk,0.0007902732793286338
,,,retiree,,,,0 - 1000,bike,0.02803433594931146
,,,retiree,,,,0 - 1000,car,0.015941591246107053
,,,retiree,,,,0 - 1000,pt,0.008575659044152376
,,,retiree,,,,0 - 1000,ride,0.004703006319317826
,,,retiree,,,,0 - 1000,walk,0.2846270602599153
,,,retiree,,,,1000 - 2000,bike,0.028632402921317548
,,,retiree,,,,1000 - 2000,car,0.03832910463414241
,,,retiree,,,,1000 - 2000,pt,0.032952941858310617
,,,retiree,,,,1000 - 2000,ride,0.01168231876013348
,,,retiree,,,,1000 - 2000,walk,0.06888892277570885
,,,retiree,,,,2000 - 5000,bike,0.024130989117319465
,,,retiree,,,,2000 - 5000,car,0.08303426111525544
,,,retiree,,,,2000 - 5000,pt,0.06608361005813324
,,,retiree,,,,2000 - 5000,ride,0.022716231901212754
,,,retiree,,,,2000 - 5000,walk,0.019871262845775835
,,,retiree,,,,5000 - 10000,bike,0.006523730886384607
,,,retiree,,,,5000 - 10000,car,0.06094744140940063
,,,retiree,,,,5000 - 10000,pt,0.053010003113323496
,,,retiree,,,,5000 - 10000,ride,0.017547687886227004
,,,retiree,,,,5000 - 10000,walk,0.0021268832316059514
,,,retiree,,,,10000 - 20000,bike,0.0027508467688472844
,,,retiree,,,,10000 - 20000,car,0.033492350519474676
,,,retiree,,,,10000 - 20000,pt,0.03546978470611497
,,,retiree,,,,10000 - 20000,ride,0.011801193617084637
,,,retiree,,,,10000 - 20000,walk,0.0008557046894452218
,,,retiree,,,,20000+,bike,0.00023940434380408774
,,,retiree,,,,20000+,car,0.017904493427535573
,,,retiree,,,,20000+,pt,0.012123209640667017
,,,retiree,,,,20000+,ride,0.006940672029918143
,,,retiree,,,,20000+,walk,6.289492405314406e-05
,,,unemployed,,,,0 - 1000,bike,0.028473036460034625
,,,unemployed,,,,0 - 1000,car,0.01206763565093488
,,,unemployed,,,,0 - 1000,pt,0.0066246780260138475
,,,unemployed,,,,0 - 1000,ride,0.0002788219068772566
,,,unemployed,,,,0 - 1000,walk,0.2900101906591626
,,,unemployed,,,,1000 - 2000,bike,0.06262667569850242
,,,unemployed,,,,1000 - 2000,car,0.028896506543494183
,,,unemployed,,,,1000 - 2000,pt,0.02660096577041169
,,,unemployed,,,,1000 - 2000,ride,0.004606811635231683
,,,unemployed,,,,1000 - 2000,walk,0.06174361569499453
,,,unemployed,,,,2000 - 5000,bike,0.049515654255582325
,,,unemployed,,,,2000 - 5000,car,0.039677051190551225
,,,unemployed,,,,2000 - 5000,pt,0.074237083423941
,,,unemployed,,,,2000 - 5000,ride,0.006255362566946953
,,,unemployed,,,,2000 - 5000,walk,0.029885632074737396
,,,unemployed,,,,5000 - 10000,bike,0.0253519458398073
,,,unemployed,,,,5000 - 10000,car,0.03422879715974879
,,,unemployed,,,,5000 - 10000,pt,0.08366977505423692
,,,unemployed,,,,5000 - 10000,ride,0.005622178708513779
,,,unemployed,,,,5000 - 10000,walk,0.0
,,,unemployed,,,,10000 - 20000,bike,0.00417328864141108
,,,unemployed,,,,10000 - 20000,car,0.013674574163855544
,,,unemployed,,,,10000 - 20000,pt,0.0734624973685337
,,,unemployed,,,,10000 - 20000,ride,0.0060156277308030595
,,,unemployed,,,,10000 - 20000,walk,0.003155252756840654
,,,unemployed,,,,20000+,bike,0.0
,,,unemployed,,,,20000+,car,0.007882285969591084
,,,unemployed,,,,20000+,pt,0.020180847789405588
,,,unemployed,,,,20000+,ride,0.0010832072598357227
,,,unemployed,,,,20000+,walk,0.0
,,,school,,,,0 - 1000,bike,0.0619376780579444
,,,school,,,,0 - 1000,car,0.00018646363364950395
,,,school,,,,0 - 1000,pt,0.0036144502125357576
,,,school,,,,0 - 1000,ride,0.009476152922497092
,,,school,,,,0 - 1000,walk,0.23637839402380614
,,,school,,,,1000 - 2000,bike,0.09030920523969665
,,,school,,,,1000 - 2000,car,0.0006203364901544102
,,,school,,,,1000 - 2000,pt,0.02679399804666396
,,,school,,,,1000 - 2000,ride,0.02798996132264418
,,,school,,,,1000 - 2000,walk,0.051908607065914554
,,,school,,,,2000 - 5000,bike,0.0802477950696995
,,,school,,,,2000 - 5000,car,0.0022886729071440455
,,,school,,,,2000 - 5000,pt,0.13269861709274064
,,,school,,,,2000 - 5000,ride,0.056685545379448206
,,,school,,,,2000 - 5000,walk,0.006499265127616391
,,,school,,,,5000 - 10000,bike,0.009360364028456122
,,,school,,,,5000 - 10000,car,0.0016790952562727782
,,,school,,,,5000 - 10000,pt,0.10277327099819801
,,,school,,,,5000 - 10000,ride,0.035425118596691396
,,,school,,,,5000 - 10000,walk,0.00038678535209195385
,,,school,,,,10000 - 20000,bike,0.0005980589328777765
,,,school,,,,10000 - 20000,car,0.00132075569093999
,,,school,,,,10000 - 20000,pt,0.03797995833954222
,,,school,,,,10000 - 20000,ride,0.010978356237460405
,,,school,,,,10000 - 20000,walk,0.00017780241335867242
,,,school,,,,20000+,bike,0.00022130407576553514
,,,school,,,,20000+,car,0.0003848559121911246
,,,school,,,,20000+,pt,0.006654790004719217
,,,school,,,,20000+,ride,0.004025326946849407
,,,school,,,,20000+,walk,0.0003990146224299257
,,,student,,,,0 - 1000,bike,0.02356220023873468
,,,student,,,,0 - 1000,car,0.004368932828123815
,,,student,,,,0 - 1000,pt,0.0037978777376658055
,,,student,,,,0 - 1000,ride,0.001523895793406923
,,,student,,,,0 - 1000,walk,0.17076517686042786
,,,student,,,,1000 - 2000,bike,0.03738080250314786
,,,student,,,,1000 - 2000,car,0.007682269194679312
,,,student,,,,1000 - 2000,pt,0.02217394556697622
,,,student,,,,1000 - 2000,ride,0.0026565452052639033
,,,student,,,,1000 - 2000,walk,0.0545770671484238
,,,student,,,,2000 - 5000,bike,0.06432907652809451
,,,student,,,,2000 - 5000,car,0.019100392334253705
,,,student,,,,2000 - 5000,pt,0.11217963558936651
,,,student,,,,2000 - 5000,ride,0.009152359825369636
,,,student,,,,2000 - 5000,walk,0.01642894417545653
,,,student,,,,5000 - 10000,bike,0.03403760366604839
,,,student,,,,5000 - 10000,car,0.022849192327934077
,,,student,,,,5000 - 10000,pt,0.1641983623123737
,,,student,,,,5000 - 10000,ride,0.006876201166208598
,,,student,,,,5000 - 10000,walk,0.001068722058597145
,,,student,,,,10000 - 20000,bike,0.006446614720123388
,,,student,,,,10000 - 20000,car,0.01861014858339467
,,,student,,,,10000 - 20000,pt,0.1186036950293715
,,,student,,,,10000 - 20000,ride,0.005896199856583919
,,,student,,,,10000 - 20000,walk,0.00035154920720382153
,,,student,,,,20000+,bike,0.0006766977939909812
,,,student,,,,20000+,car,0.013921636477701456
,,,student,,,,20000+,pt,0.051929004231407894
,,,student,,,,20000+,ride,0.004855251039669398
,,,student,,,,20000+,walk,0.0
,,,trainee,,,,0 - 1000,bike,0.012521503764836246
,,,trainee,,,,0 - 1000,car,0.007298356193634069
,,,trainee,,,,0 - 1000,pt,0.0016668796511095385
,,,trainee,,,,0 - 1000,ride,0.0030825771686377942
,,,trainee,,,,0 - 1000,walk,0.16500369285009003
,,,trainee,,,,1000 - 2000,bike,0.01779794495007991
,,,trainee,,,,1000 - 2000,car,0.003149993006655295
,,,trainee,,,,1000 - 2000,pt,0.02268559042076619
,,,trainee,,,,1000 - 2000,ride,0.0040664047997533695
,,,trainee,,,,1000 - 2000,walk,0.03960900446868207
,,,trainee,,,,2000 - 5000,bike,0.026071327681647948
,,,trainee,,,,2000 - 5000,car,0.03644433692867858
,,,trainee,,,,2000 - 5000,pt,0.08960321544062727
,,,trainee,,,,2000 - 5000,ride,0.009613160445992438
,,,trainee,,,,2000 - 5000,walk,0.004017733129450831
,,,trainee,,,,5000 - 10000,bike,0.013474805871587335
,,,trainee,,,,5000 - 10000,car,0.040396871970504115
,,,trainee,,,,5000 - 10000,pt,0.15447499374463067
,,,trainee,,,,5000 - 10000,ride,0.015751740222842803
,,,trainee,,,,5000 - 10000,walk,0.0027646110583024472
,,,trainee,,,,10000 - 20000,bike,0.003591734235218891
,,,trainee,,,,10000 - 20000,car,0.030580148709696862
,,,trainee,,,,10000 - 20000,pt,0.18379854961876674
,,,trainee,,,,10000 - 20000,ride,0.011237305431667793
,,,trainee,,,,10000 - 20000,walk,0.0
,,,trainee,,,,20000+,bike,0.0006740957100523827
,,,trainee,,,,20000+,car,0.02240635651365801
,,,trainee,,,,20000+,pt,0.07244745989852527
,,,trainee,,,,20000+,ride,0.0047900616550283995
,,,trainee,,,,20000+,walk,0.0009795444588767178
,,,job_full_time,,,,0 - 1000,bike,0.03013933778567867
,,,job_full_time,,,,0 - 1000,car,0.010491876131548051
,,,job_full_time,,,,0 - 1000,pt,0.001359880974463405
,,,job_full_time,,,,0 - 1000,ride,0.0009737141067612931
,,,job_full_time,,,,0 - 1000,walk,0.18555797811248625
,,,job_full_time,,,,1000 - 2000,bike,0.037575281838997145
,,,job_full_time,,,,1000 - 2000,car,0.024342572407602656
,,,job_full_time,,,,1000 - 2000,pt,0.012125099939636425
,,,job_full_time,,,,1000 - 2000,ride,0.002542177597938074
,,,job_full_time,,,,1000 - 2000,walk,0.037130732560095164
,,,job_full_time,,,,2000 - 5000,bike,0.06339556433079593
,,,job_full_time,,,,2000 - 5000,car,0.0552753773757432
,,,job_full_time,,,,2000 - 5000,pt,0.05667774866351121
,,,job_full_time,,,,2000 - 5000,ride,0.006877058685280377
,,,job_full_time,,,,2000 - 5000,walk,0.01074447339096398
,,,job_full_time,,,,5000 - 10000,bike,0.0419792037561615
,,,job_full_time,,,,5000 - 10000,car,0.07519810125586637
,,,job_full_time,,,,5000 - 10000,pt,0.08791473887561047
,,,job_full_time,,,,5000 - 10000,ride,0.00685184204142721
,,,job_full_time,,,,5000 - 10000,walk,0.0016415405564862843
,,,job_full_time,,,,10000 - 20000,bike,0.013184442284954296
,,,job_full_time,,,,10000 - 20000,car,0.07129160225405813
,,,job_full_time,,,,10000 - 20000,pt,0.08151361323102535
,,,job_full_time,,,,10000 - 20000,ride,0.004736631628841786
,,,job_full_time,,,,10000 - 20000,walk,0.0005586884147394083
,,,job_full_time,,,,20000+,bike,0.0012490068587271434
,,,job_full_time,,,,20000+,car,0.040567119638494215
,,,job_full_time,,,,20000+,pt,0.03520659977092769
,,,job_full_time,,,,20000+,ride,0.0026266559172975616
,,,job_full_time,,,,20000+,walk,0.00027133961388065865
,,,job_part_time,,,,0 - 1000,bike,0.05788930935252188
,,,job_part_time,,,,0 - 1000,car,0.012600124011170702
,,,job_part_time,,,,0 - 1000,pt,0.0023022363889259505
,,,job_part_time,,,,0 - 1000,ride,0.0008752863426891199
,,,job_part_time,,,,0 - 1000,walk,0.20651593711522592
,,,job_part_time,,,,1000 - 2000,bike,0.06120183442984339
,,,job_part_time,,,,1000 - 2000,car,0.026187254055777424
,,,job_part_time,,,,1000 - 2000,pt,0.013670138011963498
,,,job_part_time,,,,1000 - 2000,ride,0.0038638859763716928
,,,job_part_time,,,,1000 - 2000,walk,0.03876773747170083
,,,job_part_time,,,,2000 - 5000,bike,0.0764631165846227
,,,job_part_time,,,,2000 - 5000,car,0.06256351536224046
,,,job_part_time,,,,2000 - 5000,pt,0.0600216466376844
,,,job_part_time,,,,2000 - 5000,ride,0.008006383164056257
,,,job_part_time,,,,2000 - 5000,walk,0.011413641974962621
,,,job_part_time,,,,5000 - 10000,bike,0.03941403115041603
,,,job_part_time,,,,5000 - 10000,car,0.05348787502585056
,,,job_part_time,,,,5000 - 10000,pt,0.08638440908282295
,,,job_part_time,,,,5000 - 10000,ride,0.0055825350733728395
,,,job_part_time,,,,5000 - 10000,walk,0.001733409888793159
,,,job_part_time,,,,10000 - 20000,bike,0.008134087823778351
,,,job_part_time,,,,10000 - 20000,car,0.03788210760082822
,,,job_part_time,,,,10000 - 20000,pt,0.07732057340507803
,,,job_part_time,,,,10000 - 20000,ride,0.0042621188147322865
,,,job_part_time,,,,10000 - 20000,walk,0.0001262979901470656
,,,job_part_time,,,,20000+,bike,0.0005251906869208823
,,,job_part_time,,,,20000+,car,0.014722131884886766
,,,job_part_time,,,,20000+,pt,0.025900077307611968
,,,job_part_time,,,,20000+,ride,0.002065947509913174
,,,job_part_time,,,,20000+,walk,0.00011715987509080905
,,,other,,,,0 - 1000,bike,0.04930384107342923
,,,other,,,,0 - 1000,car,0.011788223194744126
,,,other,,,,0 - 1000,pt,0.0013729829565074935
,,,other,,,,0 - 1000,ride,0.0017187249197642756
,,,other,,,,0 - 1000,walk,0.2937438405365747
,,,other,,,,1000 - 2000,bike,0.04544589572290246
,,,other,,,,1000 - 2000,car,0.03192982545506678
,,,other,,,,1000 - 2000,pt,0.01702973565121598
,,,other,,,,1000 - 2000,ride,0.00312445438232703
,,,other,,,,1000 - 2000,walk,0.09423363848630212
,,,other,,,,2000 - 5000,bike,0.053031784306758735
,,,other,,,,2000 - 5000,car,0.0587406381989171
,,,other,,,,2000 - 5000,pt,0.06116382459167897
,,,other,,,,2000 - 5000,ride,0.00818344587606724
,,,other,,,,2000 - 5000,walk,0.021102897779573446
,,,other,,,,5000 - 10000,bike,0.02352965810583334
,,,other,,,,5000 - 10000,car,0.04601077851041131
,,,other,,,,5000 - 10000,pt,0.06310661719139919
,,,other,,,,5000 - 10000,ride,0.012425388935623692
,,,other,,,,5000 - 10000,walk,0.0008639159974911152
,,,other,,,,10000 - 20000,bike,0.0026416428973974806
,,,other,,,,10000 - 20000,car,0.030993548409293373
,,,other,,,,10000 - 20000,pt,0.03167623382196632
,,,other,,,,10000 - 20000,ride,0.005060710378546935
,,,other,,,,10000 - 20000,walk,0.0
,,,other,,,,20000+,bike,0.0
,,,other,,,,20000+,car,0.014056919018589648
,,,other,,,,20000+,pt,0.01373268963452078
,,,other,,,,20000+,ride,0.003868050560621929
,,,other,,,,20000+,walk,0.00012009340647531543
,,,,yes,,,0 - 1000,bike,0.03299714650207197
,,,,yes,,,0 - 1000,car,0.017027002619882433
,,,,yes,,,0 - 1000,pt,0.001447150167269608
,,,,yes,,,0 - 1000,ride,0.006170949721414438
,,,,yes,,,0 - 1000,walk,0.19741858334434997
,,,,yes,,,1000 - 2000,bike,0.037957883407812
,,,,yes,,,1000 - 2000,car,0.0394529320636818
,,,,yes,,,1000 - 2000,pt,0.011451027027536226
,,,,yes,,,1000 - 2000,ride,0.01641946900059602
,,,,yes,,,1000 - 2000,walk,0.04651342478512875
,,,,yes,,,2000 - 5000,bike,0.040949944088661795
,,,,yes,,,2000 - 5000,car,0.08811056075566344
,,,,yes,,,2000 - 5000,pt,0.039127179750233054
,,,,yes,,,2000 - 5000,ride,0.03091813771250092
,,,,yes,,,2000 - 5000,walk,0.011315043201306118
,,,,yes,,,5000 - 10000,bike,0.019017621788004747
,,,,yes,,,5000 - 10000,car,0.08791860269484927
,,,,yes,,,5000 - 10000,pt,0.049812041547093816
,,,,yes,,,5000 - 10000,ride,0.02156168933687161
,,,,yes,,,5000 - 10000,walk,0.0013154378478287684
,,,,yes,,,10000 - 20000,bike,0.007202583446410026
,,,,yes,,,10000 - 20000,car,0.07045195617229356
,,,,yes,,,10000 - 20000,pt,0.049749815066314804
,,,,yes,,,10000 - 20000,ride,0.01138530413745259
,,,,yes,,,10000 - 20000,walk,0.0004945201895780406
,,,,yes,,,20000+,bike,0.0006992742746565023
,,,,yes,,,20000+,car,0.03798906450435869
,,,,yes,,,20000+,pt,0.0193490440421187
,,,,yes,,,20000+,ride,0.005583932136757436
,,,,yes,,,20000+,walk,0.0001926786673028211
,,,,no,,,0 - 1000,bike,0.05634302463139612
,,,,no,,,0 - 1000,car,0.00013584823212312846
,,,,no,,,0 - 1000,pt,0.004223086048582885
,,,,no,,,0 - 1000,ride,0.0004017508303949193
,,,,no,,,0 - 1000,walk,0.2580471733726988
,,,,no,,,1000 - 2000,bike,0.07836944366732389
,,,,no,,,1000 - 2000,car,0.0010390801814425925
,,,,no,,,1000 - 2000,pt,0.024784889955329636
,,,,no,,,1000 - 2000,ride,0.001974025369215151
,,,,no,,,1000 - 2000,walk,0.06126594139823154
,,,,no,,,2000 - 5000,bike,0.0830645845503165
,,,,no,,,2000 - 5000,car,0.0021086321349634155
,,,,no,,,2000 - 5000,pt,0.11041897753164191
,,,,no,,,2000 - 5000,ride,0.004147919011818219
,,,,no,,,2000 - 5000,walk,0.014386694755001183
,,,,no,,,5000 - 10000,bike,0.023823332264979735
,,,,no,,,5000 - 10000,car,0.00388669513192251
,,,,no,,,5000 - 10000,pt,0.1264514357248081
,,,,no,,,5000 - 10000,ride,0.003639247377874085
,,,,no,,,5000 - 10000,walk,0.001313036391096564
,,,,no,,,10000 - 20000,bike,0.006499542597368016
,,,,no,,,10000 - 20000,car,0.0023781765029886976
,,,,no,,,10000 - 20000,pt,0.0898320669228972
,,,,no,,,10000 - 20000,ride,0.002272185599137619
,,,,no,,,10000 - 20000,walk,0.0002215003222691513
,,,,no,,,20000+,bike,0.000145317955987046
,,,,no,,,20000+,car,0.0011123694286944764
,,,,no,,,20000+,pt,0.03502771576797686
,,,,no,,,20000+,ride,0.0023288783488159014
,,,,no,,,20000+,walk,0.00035742799270410425
,,,,unknown,,,0 - 1000,bike,0.04769480779566642
,,,,unknown,,,0 - 1000,car,0.0008590409073678141
,,,,unknown,,,0 - 1000,pt,0.006885971870744252
,,,,unknown,,,0 - 1000,ride,0.0006475563097244331
,,,,unknown,,,0 - 1000,walk,0.27397601349162803
,,,,unknown,,,1000 - 2000,bike,0.054805139453978344
,,,,unknown,,,1000 - 2000,car,0.0012430677265334652
,,,,unknown,,,1000 - 2000,pt,0.033242677055117804
,,,,unknown,,,1000 - 2000,ride,0.001843007903016114
,,,,unknown,,,1000 - 2000,walk,0.05955224874154208
,,,,unknown,,,2000 - 5000,bike,0.0754255586265544
,,,,unknown,,,2000 - 5000,car,0.0026690299351213756
,,,,unknown,,,2000 - 5000,pt,0.11282652655099872
,,,,unknown,,,2000 - 5000,ride,0.004859468679865614
,,,,unknown,,,2000 - 5000,walk,0.016905290890743576
,,,,unknown,,,5000 - 10000,bike,0.040669840042011456
,,,,unknown,,,5000 - 10000,car,0.0040567764617673455
,,,,unknown,,,5000 - 10000,pt,0.12634356429185695
,,,,unknown,,,5000 - 10000,ride,0.0037836090315891847
,,,,unknown,,,5000 - 10000,walk,0.0018965482493745298
,,,,unknown,,,10000 - 20000,bike,0.007171532455515839
,,,,unknown,,,10000 - 20000,car,0.002130589192925642
,,,,unknown,,,10000 - 20000,pt,0.08127495675667207
,,,,unknown,,,10000 - 20000,ride,0.003495551578556325
,,,,unknown,,,10000 - 20000,walk,0.0006500800744487337
,,,,unknown,,,20000+,bike,0.0006590572012220345
,,,,unknown,,,20000+,car,0.0012317691156839004
,,,,unknown,,,20000+,pt,0.03140217989755744
,,,,unknown,,,20000+,ride,0.0016057119926328554
,,,,unknown,,,20000+,walk,0.00019282771958326642
,,,,,yes,,0 - 1000,bike,0.04698912487219602
,,,,,yes,,0 - 1000,car,0.010350504080342545
,,,,,yes,,0 - 1000,pt,0.002005078100267684
,,,,,yes,,0 - 1000,ride,0.0025947594982208538
,,,,,yes,,0 - 1000,walk,0.20633753959789913
,,,,,yes,,1000 - 2000,bike,0.05672700261397835
,,,,,yes,,1000 - 2000,car,0.02334919632026469
,,,,,yes,,1000 - 2000,pt,0.014170631577363242
,,,,,yes,,1000 - 2000,ride,0.007566742947430185
,,,,,yes,,1000 - 2000,walk,0.04705114468466599
,,,,,yes,,2000 - 5000,bike,0.07181957575497981
,,,,,yes,,2000 - 5000,car,0.05407055126753428
,,,,,yes,,2000 - 5000,pt,0.06176666900576435
,,,,,yes,,2000 - 5000,ride,0.016015472342173622
,,,,,yes,,2000 - 5000,walk,0.013218894993642248
,,,,,yes,,5000 - 10000,bike,0.03532074465966296
,,,,,yes,,5000 - 10000,car,0.055207432470111104
,,,,,yes,,5000 - 10000,pt,0.08166242688776854
,,,,,yes,,5000 - 10000,ride,0.01246459413877433
,,,,,yes,,5000 - 10000,walk,0.001461452030304094
,,,,,yes,,10000 - 20000,bike,0.00947171900707687
,,,,,yes,,10000 - 20000,car,0.043678018613143035
,,,,,yes,,10000 - 20000,pt,0.0666479672383282
,,,,,yes,,10000 - 20000,ride,0.006622958957568501
,,,,,yes,,10000 - 20000,walk,0.0003518277954969559
,,,,,yes,,20000+,bike,0.0008554476676628036
,,,,,yes,,20000+,car,0.022583799318947207
,,,,,yes,,20000+,pt,0.02579374805433979
,,,,,yes,,20000+,ride,0.003647041013066067
,,,,,yes,,20000+,walk,0.0001979344910266161
,,,,,no,,0 - 1000,bike,0.0039012262016867227
,,,,,no,,0 - 1000,car,0.011058642330257716
,,,,,no,,0 - 1000,pt,0.005486344364754511
,,,,,no,,0 - 1000,ride,0.005508506862313705
,,,,,no,,0 - 1000,walk,0.23710900428666265
,,,,,no,,1000 - 2000,bike,0.0075046230570577285
,,,,,no,,1000 - 2000,car,0.024841272479000517
,,,,,no,,1000 - 2000,pt,0.032970722587121595
,,,,,no,,1000 - 2000,ride,0.008363099312115381
,,,,,no,,1000 - 2000,walk,0.0599070025225657
,,,,,no,,2000 - 5000,bike,0.0030356396566586616
,,,,,no,,2000 - 5000,car,0.054358518223715485
,,,,,no,,2000 - 5000,pt,0.11169934543132519
,,,,,no,,2000 - 5000,ride,0.01979098826873427
,,,,,no,,2000 - 5000,walk,0.014730110159550966
,,,,,no,,5000 - 10000,bike,0.001725264051395107
,,,,,no,,5000 - 10000,car,0.05595315897447628
,,,,,no,,5000 - 10000,pt,0.11104574218043785
,,,,,no,,5000 - 10000,ride,0.01866749245961559
,,,,,no,,5000 - 10000,walk,0.0009527341528081855
,,,,,no,,10000 - 20000,bike,0.00010772404870398959
,,,,,no,,10000 - 20000,car,0.04708939066977534
,,,,,no,,10000 - 20000,pt,0.08253975507167001
,,,,,no,,10000 - 20000,ride,0.013133193905086457
,,,,,no,,10000 - 20000,walk,0.00011342697602954677
,,,,,no,,20000+,bike,0.0
,,,,,no,,20000+,car,0.030346166956882623
,,,,,no,,20000+,pt,0.030469023737508497
,,,,,no,,20000+,ride,0.007204882433134221
,,,,,no,,20000+,walk,0.00038699863895556185
,,,,,unknown,,0 - 1000,bike,0.02196874356601975
,,,,,unknown,,0 - 1000,car,0.008865973925200346
,,,,,unknown,,0 - 1000,pt,0.008820595658083127
,,,,,unknown,,0 - 1000,ride,0.007825311269823323
,,,,,unknown,,0 - 1000,walk,0.30926153323029304
,,,,,unknown,,1000 - 2000,bike,0.019899996897947855
,,,,,unknown,,1000 - 2000,car,0.02204018573997509
,,,,,unknown,,1000 - 2000,pt,0.03890621393413655
,,,,,unknown,,1000 - 2000,ride,0.020312569496132766
,,,,,unknown,,1000 - 2000,walk,0.06940078290988638
,,,,,unknown,,2000 - 5000,bike,0.010804071418919524
,,,,,unknown,,2000 - 5000,car,0.0421588846988312
,,,,,unknown,,2000 - 5000,pt,0.09282163808907376
,,,,,unknown,,2000 - 5000,ride,0.033425026327763716
,,,,,unknown,,2000 - 5000,walk,0.014267811127275818
,,,,,unknown,,5000 - 10000,bike,0.0016996109909697531
,,,,,unknown,,5000 - 10000,car,0.04014865505890483
,,,,,unknown,,5000 - 10000,pt,0.07910634210857279
,,,,,unknown,,5000 - 10000,ride,0.018465090116188528
,,,,,unknown,,5000 - 10000,walk,0.0018455430781873152
,,,,,unknown,,10000 - 20000,bike,0.00011814971112985102
,,,,,unknown,,10000 - 20000,car,0.03155496878441373
,,,,,unknown,,10000 - 20000,pt,0.04959157127841764
,,,,,unknown,,10000 - 20000,ride,0.011563902896211451
,,,,,unknown,,10000 - 20000,walk,0.0012595592388616737
,,,,,unknown,,20000+,bike,0.0
,,,,,unknown,,20000+,car,0.01955813542665283
,,,,,unknown,,20000+,pt,0.019790102528474483
,,,,,unknown,,20000+,ride,0.004324709516604467
,,,,,unknown,,20000+,walk,0.00019432097704832695
,,,,,,yes,0 - 1000,bike,0.026877735272587144
,,,,,,yes,0 - 1000,car,0.004609738415460028
,,,,,,yes,0 - 1000,pt,0.0056114180907021445
,,,,,,yes,0 - 1000,ride,0.002009607976268384
,,,,,,yes,0 - 1000,walk,0.2170462833410825
,,,,,,yes,1000 - 2000,bike,0.0313461177979366
,,,,,,yes,1000 - 2000,car,0.011886217774270638
,,,,,,yes,1000 - 2000,pt,0.03268994045589096
,,,,,,yes,1000 - 2000,ride,0.004885892680583904
,,,,,,yes,1000 - 2000,walk,0.049037458291423135
,,,,,,yes,2000 - 5000,bike,0.04151569490188568
,,,,,,yes,2000 - 5000,car,0.02526366671773831
,,,,,,yes,2000 - 5000,pt,0.11828715810574975
,,,,,,yes,2000 - 5000,ride,0.013319548343406455
,,,,,,yes,2000 - 5000,walk,0.012645027907752997
,,,,,,yes,5000 - 10000,bike,0.02000968548822276
,,,,,,yes,5000 - 10000,car,0.02496105021929467
,,,,,,yes,5000 - 10000,pt,0.14380745218170304
,,,,,,yes,5000 - 10000,ride,0.009869154521698925
,,,,,,yes,5000 - 10000,walk,0.0015995635368503834
,,,,,,yes,10000 - 20000,bike,0.0051539763386626285
,,,,,,yes,10000 - 20000,car,0.018507075295630705
,,,,,,yes,10000 - 20000,pt,0.11421724799309253
,,,,,,yes,10000 - 20000,ride,0.006420798868946036
,,,,,,yes,10000 - 20000,walk,0.0005065512201440519
,,,,,,yes,20000+,bike,0.00045032754383129167
,,,,,,yes,20000+,car,0.011373225663843514
,,,,,,yes,20000+,pt,0.042587774643345226
,,,,,,yes,20000+,ride,0.0032529008112295254
,,,,,,yes,20000+,walk,0.0002517096007660357
,,,,,,no,0 - 1000,bike,0.049203787113537144
,,,,,,no,0 - 1000,car,0.017181996770518737
,,,,,,no,0 - 1000,pt,0.0014676064701637842
,,,,,,no,0 - 1000,ride,0.0037388193898886695
,,,,,,no,0 - 1000,walk,0.22834165520840394
,,,,,,no,1000 - 2000,bike,0.060967425010797105
,,,,,,no,1000 - 2000,car,0.03802701934901353
,,,,,,no,1000 - 2000,pt,0.0058198328118644485
,,,,,,no,1000 - 2000,ride,0.010726983971031032
,,,,,,no,1000 - 2000,walk,0.051980322210022724
,,,,,,no,2000 - 5000,bike,0.07422011095918414
,,,,,,no,2000 - 5000,car,0.08628816036798163
,,,,,,no,2000 - 5000,pt,0.020461006554586395
,,,,,,no,2000 - 5000,ride,0.019297423684489126
,,,,,,no,2000 - 5000,walk,0.01468571778797613
,,,,,,no,5000 - 10000,bike,0.036985386950286615
,,,,,,no,5000 - 10000,car,0.08769873514183764
,,,,,,no,5000 - 10000,pt,0.021860522255242685
,,,,,,no,5000 - 10000,ride,0.015098401866535355
,,,,,,no,5000 - 10000,walk,0.0014461399829227438
,,,,,,no,10000 - 20000,bike,0.010107370860379439
,,,,,,no,10000 - 20000,car,0.07086755599846502
,,,,,,no,10000 - 20000,pt,0.01524471883856497
,,,,,,no,10000 - 20000,ride,0.007864588085845437
,,,,,,no,10000 - 20000,walk,0.0005447331264401868
,,,,,,no,20000+,bike,0.0009236480015640312
,,,,,,no,20000+,car,0.036775023310245354
,,,,,,no,20000+,pt,0.007645033418080438
,,,,,,no,20000+,ride,0.0043792848052615985
,,,,,,no,20000+,walk,0.00015098969886978098
,,,,,,unknown,0 - 1000,bike,0.08452578986227006
,,,,,,unknown,0 - 1000,car,6.486504146205827e-05
,,,,,,unknown,0 - 1000,pt,0.002175395846041459
,,,,,,unknown,0 - 1000,ride,0.021684233861045763
,,,,,,unknown,0 - 1000,walk,0.34731038526891134
,,,,,,unknown,1000 - 2000,bike,0.07464418315020238
,,,,,,unknown,1000 - 2000,car,0.000316211749246317
,,,,,,unknown,1000 - 2000,pt,0.02428926385010706
,,,,,,unknown,1000 - 2000,ride,0.05746270563561737
,,,,,,unknown,1000 - 2000,walk,0.08500884635887647
,,,,,,unknown,2000 - 5000,bike,0.03960672674551991
,,,,,,unknown,2000 - 5000,car,0.0
,,,,,,unknown,2000 - 5000,pt,0.04812409458714954
,,,,,,unknown,2000 - 5000,ride,0.08632711015520911
,,,,,,unknown,2000 - 5000,walk,0.01129386656497147
,,,,,,unknown,5000 - 10000,bike,0.004812536200797506
,,,,,,unknown,5000 - 10000,car,0.00044170618535102315
,,,,,,unknown,5000 - 10000,pt,0.024705916309625302
,,,,,,unknown,5000 - 10000,ride,0.043816530547673184
,,,,,,unknown,5000 - 10000,walk,0.0013550153438346378
,,,,,,unknown,10000 - 20000,bike,0.0
,,,,,,unknown,10000 - 20000,car,0.0008468921174164319
,,,,,,unknown,10000 - 20000,pt,0.006606733358829172
,,,,,,unknown,10000 - 20000,ride,0.023100724541931888
,,,,,,unknown,10000 - 20000,walk,0.0005742755841204714
,,,,,,unknown,20000+,bike,0.0
,,,,,,unknown,20000+,car,0.0
,,,,,,unknown,20000+,pt,0.003862007367512052
,,,,,,unknown,20000+,ride,0.006800708909865809
,,,,,,unknown,20000+,walk,0.00024327485641202528
